holeId,md,azimuth,dip,sourceRow,role
8440823,0.0,270.0,-70.0,118,recorded-collar-direction
8440823,60.0,269.799988,-71.5,119,measured-single-shot
8440823,90.0,270.799988,-71.699997,120,measured-single-shot
8440823,120.0,270.399994,-71.900002,121,measured-single-shot
8440823,150.0,271.700012,-72.0,122,measured-single-shot
8440823,180.0,269.600006,-71.699997,123,measured-single-shot
8440823,209.899994,273.899994,-71.599998,124,measured-single-shot
8440823,240.0,271.200012,-71.400002,125,measured-single-shot
8440823,270.0,270.100006,-71.300003,126,measured-single-shot
8440823,300.0,271.100006,-71.5,127,measured-single-shot
8440823,330.0,270.299988,-71.599998,128,measured-single-shot
8440823,360.0,270.200012,-71.599998,129,measured-single-shot
8440823,364.600006,270.200012,-71.599998,130,compiled-terminal-extension
