HoleID,SampleID,From,To,Cu_ppm,Au_gpt
DH1,DH1-S00,0.0,2.0,999,9.9
DH1,DH1-S01,2.0,4.0,999,9.9
DH1,DH1-S02,4.0,6.0,999,9.9
DH1,DH1-S03,6.0,8.0,999,9.9
DH1,DH1-S04,8.0,10.0,999,9.9
DH1,DH1-S05,10.0,12.0,999,9.9
DH1,DH1-S06,12.0,14.0,999,9.9
DH1,DH1-S07,14.0,16.0,999,9.9
DH1,DH1-S08,16.0,18.0,999,9.9
DH1,DH1-S09,18.0,20.0,999,9.9
DH1,DH1-S10,20.0,22.0,999,9.9
DH1,DH1-S11,22.0,24.0,999,9.9
DH1,DH1-S12,24.0,26.0,999,9.9
DH1,DH1-S13,26.0,28.0,999,9.9
DH1,DH1-S14,28.0,30.0,999,9.9
DH2,DH2-S00,0.0,2.0,999,9.9
DH2,DH2-S01,2.0,4.0,999,9.9
DH2,DH2-S02,4.0,6.0,999,9.9
DH2,DH2-S03,6.0,8.0,999,9.9
DH2,DH2-S04,8.0,10.0,999,9.9
DH2,DH2-S05,10.0,12.0,999,9.9
DH2,DH2-S06,12.0,14.0,999,9.9
DH2,DH2-S07,14.0,16.0,999,9.9
DH2,DH2-S08,16.0,18.0,999,9.9
DH2,DH2-S09,18.0,20.0,999,9.9
DH2,DH2-S10,20.0,22.0,999,9.9
DH2,DH2-S11,22.0,24.0,999,9.9
DH2,DH2-S12,24.0,26.0,999,9.9
DH2,DH2-S13,26.0,28.0,999,9.9
DH2,DH2-S14,28.0,30.0,999,9.9
DH3,DH3-S00,0.0,2.0,999,9.9
DH3,DH3-S01,2.0,4.0,999,9.9
DH3,DH3-S02,4.0,6.0,999,9.9
DH3,DH3-S03,6.0,8.0,999,9.9
DH3,DH3-S04,8.0,10.0,999,9.9
DH3,DH3-S05,10.0,12.0,999,9.9
DH3,DH3-S06,12.0,14.0,999,9.9
DH3,DH3-S07,14.0,16.0,999,9.9
DH3,DH3-S08,16.0,18.0,999,9.9
DH3,DH3-S09,18.0,20.0,999,9.9
DH3,DH3-S10,20.0,22.0,999,9.9
DH3,DH3-S11,22.0,24.0,999,9.9
DH3,DH3-S12,24.0,26.0,999,9.9
DH3,DH3-S13,26.0,28.0,999,9.9
DH3,DH3-S14,28.0,30.0,999,9.9
